4HXSC1626CC160143,
4HXSC1627CC160135,
4HXSC1621CC160132,
4HXSC1625CC160148,
4HXSC1620CC160137,
4HXSC1620CC160140,
4HXSC1728FC172264,
4HXSC1723GC183660,
4HXSC172XGC183722,
4HXSC1721GC183642,
4HXSC1627CC162385,
4HXSC1626CC162393,
4HXSC1628CC162427,
4HXSC1622CC162388,
4HXSC162XDC165234,
4HXSC1627DC165207,
4HXSC1623DC165222,
4HXSC1627CC162435,
4HXSC1722FC180117,
4HXSC1629DC165242,
4HXSC1623CC162450,
4HXSC1621CC162432,
4HXSC1623DC165253,
4HXSC1620DC165243,
4HXSC1626DC165246,
4HXSC1627DC165286,
4HXSC1628CC162363,
4HXSC1629DC165273,
4HXSC1626DC165313,
4HXSC1628DC165247,
4HXSC1622DC165289,
4HXSC1621DC165204,
4HXSC1627DC165305,
4HXSC1627DC165238,
4HXSC1623DC165950,
4HXSC1627DC165255,
4HXSC162XDC165265,
4HXSC162XCC162364,
4HXSC1622DC165213,
4HXSC162XCC162414,
4HXSC1625DC165187,
4HXSC1629CC162372,
4HXSC1620DC165291,
4HXSC1620CC162437,
4HXSC1622DC165258,
4HXSC1627DC165272,
NO VIN,
4HXSC1620DC165260,
4HXSC1625CC162448,
4HXSC1622CC162455,
4HXSC1628PC165278,
4HXSC1625CC162448,
4HXSC1722FC180067,
4HXSC1726FC180220,
4HXSC1724FC180068,
4HXSC1729FC180101,
4HXSC1724FC180054,
4HXSC1727FC180081,
4HXSC1727FC178802,
4HXSC1720FC178799,
4HXSC1721FC180111,
4HXSC1729FC180132,
4HXSC1729FC180129,
4HXSC1724FC180118,
4HXSC1720FC180133,
4HXSC1728GC180221,
4HXSC172XGC183610,
4HXSC1720GC183731,
4HXSC1723GC183710,
4HXSC1725GC183725,
4HXSC1725GC183756,
4HXSC1721GC183737,
4HXSC1725GC183711,
4HXSC1722GC183729,
4HXSC1724GC183683,
4HXSC1722GC183665,
4HXSC1725GC183739,
4HXSC1721GC183740,
4HXSC1629DC165306,
4HXSC162XCC162445,
4HXSC1624CC162442,
4HXSC1625DC165318,
4HXSC1623DC165303,
4HXSC1625DC165240,
4HXSC1620DC165212,
4HXSC1621DC165252,
4HXSC1620DC165310,
4HXSC1622DC165275,
4HXSC1625DC165254,
4HXSC1624CC162456,
4HXSC1622DC165311,
4HXSC1623CC162397,
4HXSC1622DC165227,
4HXSC1628DC165331,
4HXSC1624DC165228,
4HXSC1623DC165320,
4HXSC1627CC162404,
4HXSC1628DC165281,
4HXSC1625DC165299,
4HXSC1621CC162396,
4HXSC1624DC165309,
4HXSC1628DC165216,
4HXSC1625DC165223,
4HXSC1622DC165230,
4HXSC1620DC165274,
4HXSC1622CC162391,
4HXSC1626DC165327,
4HXSC1623DC165298,
4HXSC1626CC162362,
4HXSC1623DC165317,
4HXSC162XCC162400,
4HXSC1622DC165292,
4HXSC1624DC165312,
4HXSC1623DC165267,
4HXSC1729GC183730,
4HXSC1721CC184547,
4HXSC162XDC165198,
4HXSC1627CC162449,
4HXSC1621CC162401,
4HXSC1622CC162441,
4HXSC1623CC162383,
4HXSC1622CC162410,
4HXSC1626DC165196,
4HXSC1626DC165330,
4HXSC1627DC165224,
4HXSC1628DC165314,
4HXSC1623CC162402,
4HXSC1623DC165219,
4HXSC1625CC162398,
4HXSC1627CC162418,
4HXSC1620CC162423,
4HXSC1625CC162420,
4HXSC1622CC162438,
4HXSC1624CC162425,
4HXSC1629CC162422,
4HXSC162XDC165184,
4HXSC1628DC165300,
4HXSC1622CC162424,
4HXSC1627DC165191,
4HXSC1628CC162413,
4HXSC162XDC165217,
4HXSC1623CC162433,
4HXSC1624CC162408,
4HXSC1624CC162411,
4HXSC1625CC162384,
4HXSC1620CC162440,
4HXSC1621CC162429,
4HXSC1621CC162382,
4HXSC1621DC165221,
4HXSC1629CC162436,
4HXSC1625CC162417,
4HXSC162XDC165203,
4HXSC1624CC162439,
4HXSC162XDC165329,
4HXSC162XCC162428,
4HXSC162XCC162378,
4HXSC1629CC162453,
4HXSC1620CC162406,
4HXSC1624CC162392,
4HXSC1620CC162387,
4HXSC1625CC162434,
4HXSC162XCC162459,
4HXSC1629DC165192,
4HXSC1626CC162457,
4HXSC1624DC165293,
4HXSC1623DC165236,
4HXSC1629DC165290,
4HXSC162XDC165301,
4HXSC1625DC165237,
4HXSC1621DC165266,
4HXSC1621DC165185,
4HXSC1628CC162380,
4HXSC1621CC162415,
4HXSC1629CC162386,
4HXSC1626CC162376,
4HXSC1628CC162394,
4HXSC1625DC165304,
4HXSC1626DC165280,
4HXSC1624CC162389,
4HXSC1626DC165232,
4HXSC1620CC162390,
4HXSC1626DC165229,
4HXSC1627DC165269,
4HXSC1621CC162365,
4HXSC1626DC165294,
4HXSC1620DC165288,
4HXSC1628CC162458,
4HXSC1624DC165259,
4HXSC1623DC165284,
4HXSC1628DC165233,
4HXSC162XCC162431,
4HXSC1629DC165256,
4HXSC1622CC162407,
4HXSC1626DC165182,
4HXSC1627DC165241,
4HXSC1626DC165201,
4HXSC162XDC165248,
4HXSC1623CC162447,
4HXSC1621DC165199,
4HXSC1727HC185669,
4HXSC1723HC185667,
4HXSC1723HC185570,
4HXSC1721HC185666,
4HXSC172XHC185665,
4HXSC1725FC180113,
4HXSC1726FC178838,
4HXSC1729FC180115,
4HXSC1723FC178800,
4HXSC1728FC173964,
4HXSC1629DC165211,
4HXSC1628DC165197,
4HXSC1623DC165186,
4HXSC1628DC165202,
4HXSC1628DC165295,
4HXSC1626DC165215,
4HXSC1621DC165297,
4HXSC1624DC165200,
4HXSC1628DC165183,
4HXSC162XDC165279,
4HXSC1624DC165214,
4HXSC1623DC165205,
4HXSC1622DC165194,
4HXSC1625DC165190,
4HXSC1624DC165195,
4HXSC1725FC180192,
4HXSC172SFC180169,
4HXSC1727GC184343,
4HXSC172XGC184336,
1U92E2222FW081122,
1U92E2223FW081095,
1U92E2223FW081100,
1U92E2227FW081147,
4HXSC1720GC180974,
4HXSC1724GC181027,
4HXSC1724GC181030,
4HXSC1727GC181037,
4HXSC172XGC180996,
4HXSC1723GC181035,
4HXSC1729GC181038,
4HXSC1725GC181022,
4HXSC1722GC181026,
4HXSC1722GC180961,
4HXSC1726GC181031,
4HXSC1725GC181019,
4HXSC1727GC180969,
4HXSC1726GC181028,
4HXSC1722GC180913,
4HXSC1720GC180909,
4HXSC1725GC180906,
4HXSC1722GC184377,
4HXSC1724GC184350,
4HXSC1726GC184365,
4HXSC1727GC184360,
4HXSC1728GC184366,
4HXSC1727GC180907,
4HXSC1725GC184373,
4HXSC1723GC184338,
4HXSC1728GC184335,
4HXSC1720GC184345,
4HXSC1722GC184346,
4HXSC1723GC184355,
4HXSC1725GC184339,
4HXSC1723GC184324,
4HXSC1728GC184383,
4HXSC1723GC184386,
4HXSC1729GC184344,
4HXSC1727GC184374,
4HXSC1726GC184348,
4HXSC1728GC184349,
4HXSC1721GC184354,
4HXSC1726GC184351,
4HXSC1724GC184378,
4HXSC1722GC184380,
1U92E2226FW081169,
1U92E2223FW081128,
1U92E2226FW081138,
1U92E2223FW081047,
1U92E2224FW081039,
1U92E2227FW081164,
1U92E2221FW081077,
1U92E2225FW081194,
1U92E2227FW0881181,
1U92E2228FW081075,
1U92ZE2222FW081167,
1U92E2221FW081046,
1U92E2222FW081010,
1U92E2226FW081172,
1U92E222XFW081126,
1U92E2224FW081168,
1U92E2223FW081131,
1U92E2225FW081101,
1U92E2228FW081156,
1U92E2226FW081074,
1U92E2229FW081165,
1U92E2228FW081187,
1U92E2221FW081001,
1U92E2226FW081110,
1U92E2229FW081151,
1U92E2229FW081120,
1U92E222XFW081417,
1U92E2228FW081173,
1U92E2220FW081264,
1U92E2222FW081069,
1U92E2222FW081072,
1U92E2229FW081179,
1U92E2222FW081086,
1U92E2229FW081117,
1U92E2220FW081040,
1U92E2228FW081058,
1U92E2229FW081182,
1U92E2224FW081347,
1U92E2229FW081022,
1U92E2228FW081044,
1U92E2226FW081186,
1U92E2228FW081125,
1U92E2222FW081038,
1U92E2222FW081041,
1U92E2225FW081096,
1U92E2224FW081056,
1U92E2228FW081111,
1U92E222XFW081112,
1U92E2221FW081113,
1U92E2220FW081118,
1U92E2227FW081116,
1U92E2220FW081085,
1U92E2225FW081115,
1U92E2229FW081134,
1U92E2225FW081082,
1U92E2227FW081083,
1U92E2223FW081114,
1U92E2229FW081084,
1U92E2225FW081079,
1U92E2223FW081078,
1U92E2223FW081064,
1U92E222XFW081076,
1U92E2221FW081080,
1U92E2224FW081073,
1U92E2225FW081065,
1U92E2223FW081081,
1U92E2220FW081071,
1U92E2227FW081066,
1U92E2229FW081070,
1U92E2229FW081019,
1U92E2227FW081018,
1U92E2223FW081016,
1U92E2222FW081055,
1U92E2221FW081161,
1U92E2223FW081159,
1U92E2222FW081170,
1U92E2222FW081024,
1U92E222XFW081157,
1U92E222XFW081160,
1U92E2223FW081162,
1U92E222XFW081045,
1U92E2220FW081023,
1U92E2224FW081171,
1U92E2221FW081158,
1U92E2220FW081197,
1U92E2222FW081198,
1U92E2227FW081195,
1U92E2225FW081177,
1U92E2229FW081196,
1U92E2229FW081067,
1U92E2221FW081063,
1U92E2220FW081068,
1U92E2228FW081061,
1U92E2226FW081043,
1U92E2221FW081175,
1U92E222XFW081014,
1U92E2224FW081042,
1U92E2225FW081017,
1U92E2226FW081012,
1U92E2220FW081006,
1U92E2222FW081007,
1U92E2228FW081013,
1U92E2229FW081005,
1U92E2220FW081166,
1U92E2221FW081015,
1U92E2225FW081003,
1U92E2223FW081002,
1U92E2223FW081033,
1U92E2227FW081004,
1U92E2225FW081180,
1U92E2227FW081150,
1U92E2224FW081011,
1U92E2227FW081178,
1U92E2226FW081107,
1U92E2224FW081154,
1U92E2222FW081475,
1U92E222XFW081109,
1U92E222XFW081174,
1U92E2222FW081217,
1U92E2228FW081108,
1U92E2227FW081133,
1U92E2228FW081495,
1U92E2223FW081193,
1U92E2225FW081132,
1U92E2224FW081218,
1U92E2220FW081152,
1U92E2224FW081123,
1U92E2226FW081057,
1U92E2228FW081027,
1U92E2225FW081146,
1U92E222XFW081031,
1U92E222XFW081028,
1U92E2221FW081032,
1U92E2227FW081021,
1U92E2226FW081026,
1U92E2220FW081037,
1U92E2228FW081030,
1U92E2224FW081025,
1U92E2221FW081029,
1U92E2224FW081008,
1U92E2225FW081034,
1U92E2225FW081020,
1U92E2226FW081009,
1U92E2221FW081127,
1U92E2226FW081060,
1U92E2220FW081183,
1U92E2224FW081087,
1U92E2227FW081102,
1U92E2224FW081106,
1U92E2226FW081088,
1U92E2221FW081189,
1U92E222XFW081191,
1U92E2220FW081099,
1U92E222XFW08118,
1U92E2220FW081054,
1U92E2221FW081094,
1U92E2229FW081103,
1U92E2222FW081105,
1U92E2222FW081136,
1U92E2220FW081104,
1U92E2225FW081051,
1U92E2229FW081263,
1U92E2227FW081052,
1U92E2229FW081053,
1U92E2223FW081050,
1U92E2224FW081266,
1U92E2225FW081048,
1U92E2227FW081049,
1U92E222XFW081059,
1U92E222XFW081059,
1U92E2226FW081155,
1U92E2223FW081176,
1U92E2222FW081184,
1U92E2224FW081185,
1U92E2229FW081036,
1U92E2228FW081190,
1U92E2221FW081192,
1U92E2227FW081035,
1U92E2226FW081754,
1U92E2228FW081772,
1U92E2227FW081780,
1U92E2221FW081760,
1U92E2228FW081819,
1U92E2221FW081757,
1U92E2221FW081709,
1U92E2225FW081759,
1U92E2228FW081724,
1U92E2220FW081720,
1U92E2223FW081713,
1U92E2225FW081535,
1U92E2227FW081715,
1U92E222XFW081823,
1U92E2228FW081822,
1U92E2228FW081836,
1U92E2224FW081722,
1U92E2227FW081701,
1U92E2220FW081572,
1U92E2227FW081441,
1U92E2229FW081828,
1U92E2220FW081717,
1U92E2221FW081712,
1U92E2225FW081454,
1U92E222XFW081742,
1U92E222XFW081739,
1U92E2223FW081727,
1U92E2224FW081719,
1U92E2226FW081737,
1U92E2221FW081743,
1U92E2225FW081714,
1U92E2229FW081733,
1U92E2226FW081706,
1U92E2223FW081730,
1U92E2228FW081738,
1U92E222XFW081708,
1U92E2223FW081744,
1U92E2225FW081728,
1U92E222XFW081725,
1U92E2224FW081736,
1U92E2221FW081726,
1U92E2226FW081723,
1U92E2227FW081729,
1U92E2228FW081741,
1U92E2222FW081735,
1U92E2228FW081707,
1U92E2225FW081731,
1U92E2224FW081705,
1U92E2220FW081734,
1U92E2227FW081732,
1U92E2225FW081745,
1U92E2225FW081762,
1U92E2220FW081846,
1U92E2229FW081893,
1U92E2226FW081866,
1U92E2220FW081457,
1U92E2228FW081710,
1U92E222XFW081711,
1U92E2222FW081444,
1U92E2224FW081459,
1U92E2220FW081443,
1U92E2229FW081716,
1U92E2226FW081740,
1U92E2222FW081718,
1U92E2223FW081758,
1U92E2224FW081820,
1U92E222XFW081482,
1U92E2222FW081721,
1U92E2220FW081815,
1U92E2220FW081491,
1U92E2221FW081824,
1U92E2229FW081747,
1U92E2228FW081402,
1U92E2220FW081748,
1U92E2221FW081791,
1U92E2227FW081486,
1U92E2224FW081445,
1U92E2227FW081746,
1U92E222XFW081787,
1U92E2220FW081751,
1U92E2222FW081752,
1U92E2222FW081749,
1U92E2229FW081750,
1U92E2226FW081785,
1U92E2224FW081753,
1U92E2220FW081782,
1U92E222XFW081756,
1U92E2228FW081755,
1U92E2222FW081783,
1U92E2223FW081761,
1U92E2223FW081825,
1U92E2226FW081821,
1U92E2226FW081818,
1U92E2226FW081768,
1U92E2228FW081769,
1U92E2220FW081765,
1U92E2227FW081763,
1U92E2229FW081764,
1U92E2222FW081766,
1U92E2226FW081771,
1U92E2224FW081767,
1U92E2225FW081776,
1U92E2224FW081770,
1U92E2223FW081775,
1U92E222XFW081773,
1U92E2221FW081774,
1U92E2229FW081778,
1U92E2228FW081786,
1U92E2229FW081781,
1U92E2224FW081784,
1U92E2227FW081777,
1U92E2227FW081827,
1U92E2220FW081832,
1U92E2220FW081779,
1U92E2224FW081817,
1U92E2222FW081816,
1U92E2223FW081789,
1U92E2221FW081788,
1U92E222XFW081790,
1U92E2229FW081831,
1U92E2220FW081829,
1U92E222FW081834,
1U92E2227FW081830,
1U92E2223FW081842,
1U92E2227FW081844,
1U92E2222FW081833,
1U92E2221FW081838,
1U92E222XFW081837,
1U92E2223FW081839,
1U92E2226FW081835,
1U92E2225FW081843,
1U92E222XFW081840,
1U92E2221FW081841,
1U92E2222FW081914,
1U92E2225FW081860,
1U92E2224FW081865,
1U92E2225FW081812,
1U92E2229FW081814,
1U92E2227FW081813,
1U92E2223FW081811,
1U92E2224FW081851,
1U92E2222FW081850,
1U92E2229FW081859,
1U92E2225FW081809,
1U92E2221FW081810,
1U92E2226FW081916,
1U92E2223FW081808,
1U92E2221FW081807,
1U92E2223FW081792,
1U92E2222FW081802,
1U92E222XFW081806,
1U92E2226FW081804,
1U92E2224FW081803,
1U92E2228FW081805,
1U92E2229FW081795,
1U92E2220FW081801,
1U92E2229FW081800,
1U92E2226FW081799,
1U92E2224FW081798,
1U92E2222FW081797,
1U92E2220FW081796,
1U92E222XFW081854,
1U92E2225FW081793,
1U92E2229FW081845,
1U92E2222FW081847,
1U92E2227FW081794,
1U92E2227FW081794,
1U92E2228FW081867,
1U92E2224FW081848,
1U92E2223FW081856,
1U92E2221FW081869,
1U92E2225FW081857,
1U92E2227FW081858,
1U92E2225FW081874,
1U92E2228FW081853,
1U92E2226FW081852,
1U92E2224FW081879,
1U92E2221FW081855,
1U92E2222FW081878,
1U92E2222FW081864,
1U92E2226FW081883,
1U92E2229FW081862,
1U92E2223FW081873,
1U92E2227FW081861,
1U92E2220FW081863,
1U92E2221FW081872,
1U92E2224FW081882,
1U92E2228FW081884,
1U92E2225FW081826,
1U92E2220FW81894,
1U92E2228FW081898,
1U92E2224FW081896,
1U92E2224FW081901,
1U92E222XFW081899,
1U92E2228FW081903,
1U92E222XFW081904,
1U92E2225FW081907,
1U92E2223FW081906,
1U92E2225FW081910,
1U92E2229FW081909,
1U92E2229FW081912,
1U92E2224FW081915,
1U92E2220FW081913,
1U92E2228FW081917,
1U92E2220FW081927,
1U92E2224FW081929,
1U92E2222FW081931,
1U92E2220FW081930,
1U92E2224FW081932,
1U92E2224FW081932,
1U92E2228FW081934,
1U92E2226FW081933,
1U92E2222FW081928,
1U92E2229FW081926,
1U92E2227FW081925,
1U92E2223FW081923,
1U92E2221FW081922,
1U92E2225FW081924,
1U92E2228FW081920,
1U92E2221FW081919,
1U92E222XFW081921,
1U92E222XFW081918,
1U92E2227FW081911,
1U92E2226FW081902,
1U92E2221FW081905,
1U92E2222FW081895,
1U92E2227FW081908,
1U92E2221FW081886,
1U92E2225FW081891,
1U92E2226FW081897,
1U92E2227FW081892,
1U92E2222FW081900,
1U92E2225FW081888,
1U92E2227FW081889,
1U92E2220FW081880,
1U92E2223FW081887,
1U92E2222FW081881,
1U92E222XFW081885,
1U92E2229FW081876,
1U92E2227FW081875,
1U92E222XFW081871,
1U92E2223FW081890,
1U92E2220FW081877,
1U92E2228FW081870,
1U92E222XFW081858,
1U92E2226FW081446,
1U92E2222FW081458,
4HXSC1727FC180159,
4HXSC1720FC180164,
1U92E2226FW081978,
1U92E2228FW081948,
1U92E222XFW081434,
1U92E2227FW081973,
1U92E2227FW081939,
1U92E2221FW081984,
1U92E2229FW081988,
1U92E2226FW081995,
1U92E2224FW081963,
1U92E2225FW081972,
1U92E2223FW081940,
1U92E2221FW081953,
1U92E2222FW081945,
1U92E2222FW081993,
1U92E222XFW081952,
1U92E2220FW081958,
1U92E2220FW081975,
1U92E2222FW081430,
1U92E222XFW081949,
1U92E2223FW081954,
1U92E222XFW081966,
1U92E2223FW081968,
1U92E2224FW081977,
1U92E2224FW081946,
1U92E2227FW081987,
1U92E2226FW081947,
1U92E2222FW081959,
1U92E2222FW081976,
1U92E2225FW081938,
1U92E2224FW081431,
1U92E2221FW081970,
1U92E2227FW081942,
1U92E2225FW081986,
1U92E2228FW081433,
1U92E222XFW081997,
1U92E2224FW081980,
1U92E2227FW081956,
1U92E2225FW081955,
1U92E2229FW081991,
1U92E2228FW081996,
1U92E2227FW081455,
1U92E2225FW081941,
1U92E2226FW081544,
1U92E2222FW081962,
4HXSC1722GC181768,
1U92E2228FW081982,
1U92E2223FW081971,
1U92E2221FW081998,
1U92E2227FW081990,
1U92E2220FW081944,
1U92E2224FW081994,
1U92E2228FW081965,
1U92E2223FW081985,
1U92E2229FW081943,
1U92E2225FW081969,
1U92E2228FW081979,
1U92E2229FW081960,
1U92E2226FW081950,
1U92E2226FW081981,
1U92E2226FW081432,
1U92E2226FW081964,
1U92E2220FW081992,
1U92E2229FW081974,
1U92E2221FW081967,
1U92E2220FW081961,
1U92E2223FW081999,
1U92E2228FW081951,
1U92E222XFW081983,
1U92E2229FW081957,
1U92E2220FW081989,
4HXSC1725EC171510,
4HXSC1720EC171396,
4HXSC1727FC178881,
4HXSC1725FC172237,
4HXSC1722FC172289,
4HXSC1721FC178830,
4HXSC1726FC178872,
4HXSC1727FC172319,
4HXSC1727FC172224,
4HXSC1722FC178917,
4HXSC1726FC172196,
4HXSC1721FC178813,
4HXSC1720FC173926,
4HXSC1729FC176016,
4HXSC1728FC178856,
4HXSC1725FC178863,
4HXSC1729FC172242,
4HXSC1724FC178885,
4HXSC172XFC178910,
4HXSC1724FC178868,
4HXSC172XFC173903,
4HXSC172XFC172217,
4HXSC1726FC172246,
4HXSC1723FC172169,
4HXSC1722FC172258,
4HXSC1723FC176092,
4HXSC1720FC176020,
4HXSC1729FC178767,
4HXSC1724FC172293,
4HXSC1722GC181821,
4HXSC1723GC180984,
4HXSC1729GC181816,
4HXSC1723GC181925,
4HXSC172XGC181789,
4HXSC1727GC181894,
4HXSC1721GC181888,
4HXSC1726GC183488,
4HXSC1726GC181790,
4HXSC1722GC183309,
4HXSC1721GC183446,
4HXSC1726GC183359,
4HXSC1729FC175965,
4HXSC1722GC183472,
4HXSC1721GC183334,
4HXSC1726GC183328,
4HXSC1722GC183391,
4HXSC1722GC183312,
4HXSC1724GC182114,
4HXSC172XGC182182,
4HXSC1723GC182119,
4HXSC1720GC181963,
4HXSC1726GC182129,
4HXSC1728GC182181,
4HXSC1723GC183299,
4HXSC1721GC183463,
4HXSC1721GC183401,
4HXSC1729GC183405,
4HXSC1720EC171365,
4HXSC1729GC183372,
4HXSC1723GC183397,
4HXSC1721GC182135,
4HXSC1727GC183287,
4HXSC1723GC183335,
4HXSC1723GC183349,
4HXSC1722GC183357,
4HXSC1729GC183338,
4HXSC1722GC182161,
4HXSC1723GC182136,
4HXSC1722GC183326,
4HXSC1720GC183311,
4HXSC1728GC183394,
4HXSC1723GC182167,
4HXSC1729GC180911,
4HXSC1725GC181960,
4HXSC1724GC183280,
4HXSC1729GC181962,
4HXSC1722GC181866,
4HXSC1622EC168873,
4HXSC1720EC171382,
4HXSC1724EC171434,
4HXSC1724EC171529,
4HXSC1729EC171400,
4HXSC1722FC172129,
4HXSC172XEC171390,
4HXSC1723FC172141,
4HXSC172XEC171373,
4HXSC1721EC171522,
4HXSC1728EC171355,
4HXSC1729EC171414,
4HXSC1628EC168750,
4HXSC1721EC171486,
4HXSC1728FC172250,
4HXSC1725EC171345,
